단어,빈도수
바로가기,18
서비스,18
금융상품,15
KB,15
안내,12
인증,12
KB국민은행,9
이벤트,9
통합검색,9
위한,9
최대,9
추천상품,9
해외에서,9
국내로,9
걸,9
때,9
개인,6
조회,6
이체,6
외환,6
기업,6
Star,6
자산관리,6
보안센터,6
주택청약,6
Liiv,6
M,6
함께,6
KB의,6
GLOBAL,6
이전,6
국가고객만족도NCSI,6
위,6
운영,6
자동재생시작,6
자동재생멈춤,6
다음,6
이용약관,6
개월,6
환율우대,6
자산을,6
이동통신서비스,6
대출,6
전자금융사기예방,6
은행금리비교,6
금융소비자정보포털,6
파인,6
사고신고,6
대표전화,6
및,6
본문이동,3
공과금,3
뱅킹관리,3
마이페이지,3
CMS,3
bridge,3
부동산,3
퇴직연금,3
카드,3
전체서비스,3
금융서비스,3
에스크로이체,3
인증센터개인,3
인증센터기업,3
특화서비스,3
국민주택채권,3
주택도시기금,3
스마트금융서비스,3
KB골든라이프X,3
멤버십서비스,3
KB고객우대제도,3
GOLDWISE,3
KB와,3
은행소개,3
지점안내,3
고객센터,3
KB정보광장,3
희망금융클리닉,3
KB굿잡,3
생각,3
LANGUAGE,3
English,3
Chinese,3
Japanese,3
NETWORK,3
Japan,3
UK,3
New,3
Zealand,3
Cambodia,3
China,3
Vietnam,3
Hong,3
Kong,3
India,3
Myanmar,3
Singapore,3
검색어를,3
입력하세요,3
입력값초기화,3
검색,3
추천검색어,3
청약,3
OTP,3
이체한도,3
FATI,3
닫기,3
로그인,3
인증센터,3
KB셀러론,3
이자,3
지원,3
마케팅,3
여섯시은행To,3
Bank지점,3
KB브랜드,3
스토리,3
보기,3
빠른메뉴,3
전체계좌조회,3
계좌이체,3
빠른조회,3
고객우대제도,3
소비자보호,3
상담예약,3
상품공시실,3
새소식,3
KB스타기업뱅킹,3
간편회원,3
개정,3
점심시간,3
집중상담,3
확대,3
주택도시기금대출,3
약정서,3
변경,3
가맹점주를,3
KB사장님,3
마이너스통장,3
이자를,3
돌려드려요,3
연금,3
연속,3
받고,3
현금,3
만원,3
해외여행,3
후,3
남은,3
외국통화,3
고민,3
끝,3
인사이트,3
KB마이핏통장,3
높은,3
이율,3
수수료,3
혜택목적별,3
자금관리를,3
통장,3
하나로,3
건강한,3
KB마이데이터,3
각,3
기관에,3
흩어진,3
나의,3
한,3
곳에,3
모아서,3
관리해보세요,3
KB국민은행의,3
혁신금융서비스로금융권,3
최초로,3
제공하는,3
KB환전서비스,3
까지,3
받고인터넷으로,3
편하게,3
환전,3
하세요,3
KBot,3
SAM,3
케이봇쌤,3
로봇과,3
인간이,3
추천하는최적의,3
포트폴리오,3
Young,3
Youth,3
적금,3
나와,3
내아이를,3
상품다양한,3
부가서비스까지,3
한가득,3
정기예금,3
Digital,3
대표,3
정기예금알아서,3
자동재예치자동해지,3
예금,3
펀드,3
신탁,3
ISA,3
보험공제,3
골드,3
외화예금,3
금융사고예방,3
각종,3
금융사기수법에,3
한층,3
강화된,3
다양한,3
서비스로,3
안전한,3
인터넷뱅킹,3
사용이,3
가능합니다,3
통장카드,3
매매양도는,3
불법,3
고객님의,3
보호하고,3
금융사기를,3
예방하기,3
최선의,3
방법은,3
대포통장,3
근절입니다,3
사진촬영QR스캔,3
절대금지,3
타인이,3
OTP보안카드,3
번호를,3
요구,3
개,3
초과,3
하는,3
경우는,3
금융사기이니,3
절대,3
응하지,3
마십시오,3
소비자권익보호,3
금융감독원,3
미수령주식,3
찾아주기,3
캠페인,3
비교조회서비스상세목록,3
금융상품한눈에,3
KB국민인증서,3
평생,3
쉽게,3
안전하게,3
휴대폰으로,3
어느,3
PC에서나,3
OK,3
APP,3
KB스타뱅킹,3
KB기업뱅킹,3
리브,3
Next,3
KB부동산,3
리브똑똑,3
이용상담,3
보안프로그램,3
보호금융상품등록부,3
전자민원접수,3
개인정보처리방침,3
신용정보활용체제,3
위치기반서비스,3
경영공시,3
그룹,3
내,3
고객정보,3
제공안내,3
스튜어드십,3
코드,3
KB금융그룹네트워크,3
KB금융그룹,3
KB증권,3
KB손해보험,3
KB국민카드,3
KB자산운용,3
KB캐피탈,3
KB라이프생명,3
KB부동산신탁,3
KB저축은행,3
KB인베스트먼트,3
KB데이타시스템,3
KB신용정보,3
KB경영연구소,3
단기연체,3
만기안내,3
상담전용,3
분실,3
제외,3
투자상품,3
승낙확인,3
기업전용,3
기업BB,3
외국인전용,3
어르신전용,3
챗봇채팅이메일상담시간,3
비교조회서비스,3
한눈에,3
KB국민은행은,3
KB국민카드의,3
판매대리중개업자입니다,3
페이스북,3
인스타그램,3
YouTube,3
blog,3
Copyright,3
Kookmin,3
Bank,3
All,3
Rights,3
Reserved,3
년,3
은행부문,3
회,3
과학기술정보통신부,3
WAWEB접근성,3
품질인증,3
마크,3
웹와치WebWatch,3
ISMSP,3
APEC,3
CBPR,3
ISO,3
