Sentence	URL	S3 Key
-습니다	https://sonnuri.s3.ap-northeast-2.amazonaws.com/AI_Videos/102_-습니다.mp4	AI_Videos/102_-습니다.mp4
수표	https://sonnuri.s3.ap-northeast-2.amazonaws.com/AI_Videos/11204_수표.mp4	AI_Videos/11204_수표.mp4
보다	https://sonnuri.s3.ap-northeast-2.amazonaws.com/AI_Videos/11409_보다.mp4	AI_Videos/11409_보다.mp4
현실	https://sonnuri.s3.ap-northeast-2.amazonaws.com/AI_Videos/11495_현실.mp4	AI_Videos/11495_현실.mp4
동안	https://sonnuri.s3.ap-northeast-2.amazonaws.com/AI_Videos/11526_동안.mp4	AI_Videos/11526_동안.mp4
사이	https://sonnuri.s3.ap-northeast-2.amazonaws.com/AI_Videos/11527_사이.mp4	AI_Videos/11527_사이.mp4
기간	https://sonnuri.s3.ap-northeast-2.amazonaws.com/AI_Videos/11528_기간.mp4	AI_Videos/11528_기간.mp4
함께	https://sonnuri.s3.ap-northeast-2.amazonaws.com/AI_Videos/11537_함께.mp4	AI_Videos/11537_함께.mp4
필요	https://sonnuri.s3.ap-northeast-2.amazonaws.com/AI_Videos/11545_필요.mp4	AI_Videos/11545_필요.mp4
비서	https://sonnuri.s3.ap-northeast-2.amazonaws.com/AI_Videos/11699_비서.mp4	AI_Videos/11699_비서.mp4
고정	https://sonnuri.s3.ap-northeast-2.amazonaws.com/AI_Videos/11723_고정.mp4	AI_Videos/11723_고정.mp4
정리	https://sonnuri.s3.ap-northeast-2.amazonaws.com/AI_Videos/11811_정리.mp4	AI_Videos/11811_정리.mp4
정책	https://sonnuri.s3.ap-northeast-2.amazonaws.com/AI_Videos/11812_정책.mp4	AI_Videos/11812_정책.mp4
민간	https://sonnuri.s3.ap-northeast-2.amazonaws.com/AI_Videos/11832_민간.mp4	AI_Videos/11832_민간.mp4
위	https://sonnuri.s3.ap-northeast-2.amazonaws.com/AI_Videos/11904_위.mp4	AI_Videos/11904_위.mp4
이상	https://sonnuri.s3.ap-northeast-2.amazonaws.com/AI_Videos/11905_이상.mp4	AI_Videos/11905_이상.mp4
통장	https://sonnuri.s3.ap-northeast-2.amazonaws.com/AI_Videos/11913_통장.mp4	AI_Videos/11913_통장.mp4
통하다	https://sonnuri.s3.ap-northeast-2.amazonaws.com/AI_Videos/11914_통하다.mp4	AI_Videos/11914_통하다.mp4
개인	https://sonnuri.s3.ap-northeast-2.amazonaws.com/AI_Videos/12029_개인.mp4	AI_Videos/12029_개인.mp4
말하다	https://sonnuri.s3.ap-northeast-2.amazonaws.com/AI_Videos/12138_말하다.mp4	AI_Videos/12138_말하다.mp4
곳	https://sonnuri.s3.ap-northeast-2.amazonaws.com/AI_Videos/12204_곳.mp4	AI_Videos/12204_곳.mp4
위치	https://sonnuri.s3.ap-northeast-2.amazonaws.com/AI_Videos/12205_위치.mp4	AI_Videos/12205_위치.mp4
장소	https://sonnuri.s3.ap-northeast-2.amazonaws.com/AI_Videos/12206_장소.mp4	AI_Videos/12206_장소.mp4
의사	https://sonnuri.s3.ap-northeast-2.amazonaws.com/AI_Videos/12216_의사.mp4	AI_Videos/12216_의사.mp4
영어	https://sonnuri.s3.ap-northeast-2.amazonaws.com/AI_Videos/12229_영어.mp4	AI_Videos/12229_영어.mp4
카드	https://sonnuri.s3.ap-northeast-2.amazonaws.com/AI_Videos/12258_카드.mp4	AI_Videos/12258_카드.mp4
경제	https://sonnuri.s3.ap-northeast-2.amazonaws.com/AI_Videos/1226_경제.mp4	AI_Videos/1226_경제.mp4
휴대폰	https://sonnuri.s3.ap-northeast-2.amazonaws.com/AI_Videos/12311_휴대폰.mp4	AI_Videos/12311_휴대폰.mp4
과	https://sonnuri.s3.ap-northeast-2.amazonaws.com/AI_Videos/12331_과.mp4	AI_Videos/12331_과.mp4
꼭	https://sonnuri.s3.ap-northeast-2.amazonaws.com/AI_Videos/12372_꼭.mp4	AI_Videos/12372_꼭.mp4
필수	https://sonnuri.s3.ap-northeast-2.amazonaws.com/AI_Videos/12375_필수.mp4	AI_Videos/12375_필수.mp4
수입	https://sonnuri.s3.ap-northeast-2.amazonaws.com/AI_Videos/12453_수입.mp4	AI_Videos/12453_수입.mp4
내	https://sonnuri.s3.ap-northeast-2.amazonaws.com/AI_Videos/12455_내.mp4	AI_Videos/12455_내.mp4
기본금	https://sonnuri.s3.ap-northeast-2.amazonaws.com/AI_Videos/12473_기본금.mp4	AI_Videos/12473_기본금.mp4
월급	https://sonnuri.s3.ap-northeast-2.amazonaws.com/AI_Videos/12486_월급.mp4	AI_Videos/12486_월급.mp4
재산가	https://sonnuri.s3.ap-northeast-2.amazonaws.com/AI_Videos/12494_재산가.mp4	AI_Videos/12494_재산가.mp4
읽다	https://sonnuri.s3.ap-northeast-2.amazonaws.com/AI_Videos/12499_읽다.mp4	AI_Videos/12499_읽다.mp4
인상	https://sonnuri.s3.ap-northeast-2.amazonaws.com/AI_Videos/12528_인상.mp4	AI_Videos/12528_인상.mp4
투명	https://sonnuri.s3.ap-northeast-2.amazonaws.com/AI_Videos/12533_투명.mp4	AI_Videos/12533_투명.mp4
관리	https://sonnuri.s3.ap-northeast-2.amazonaws.com/AI_Videos/12537_관리.mp4	AI_Videos/12537_관리.mp4
실업	https://sonnuri.s3.ap-northeast-2.amazonaws.com/AI_Videos/12566_실업.mp4	AI_Videos/12566_실업.mp4
할 수 없다	https://sonnuri.s3.ap-northeast-2.amazonaws.com/AI_Videos/12571_할 수 없다.mp4	AI_Videos/12571_할 수 없다.mp4
할수없다	https://sonnuri.s3.ap-northeast-2.amazonaws.com/AI_Videos/12571_할수없다.mp4	AI_Videos/12571_할수없다.mp4
밖에	https://sonnuri.s3.ap-northeast-2.amazonaws.com/AI_Videos/12575_밖에.mp4	AI_Videos/12575_밖에.mp4
특별	https://sonnuri.s3.ap-northeast-2.amazonaws.com/AI_Videos/12584_특별.mp4	AI_Videos/12584_특별.mp4
특별히	https://sonnuri.s3.ap-northeast-2.amazonaws.com/AI_Videos/12586_특별히.mp4	AI_Videos/12586_특별히.mp4
제거	https://sonnuri.s3.ap-northeast-2.amazonaws.com/AI_Videos/12601_제거.mp4	AI_Videos/12601_제거.mp4
영업	https://sonnuri.s3.ap-northeast-2.amazonaws.com/AI_Videos/12644_영업.mp4	AI_Videos/12644_영업.mp4
중요	https://sonnuri.s3.ap-northeast-2.amazonaws.com/AI_Videos/12722_중요.mp4	AI_Videos/12722_중요.mp4
소개	https://sonnuri.s3.ap-northeast-2.amazonaws.com/AI_Videos/12756_소개.mp4	AI_Videos/12756_소개.mp4
현재	https://sonnuri.s3.ap-northeast-2.amazonaws.com/AI_Videos/12767_현재.mp4	AI_Videos/12767_현재.mp4
대우	https://sonnuri.s3.ap-northeast-2.amazonaws.com/AI_Videos/12779_대우.mp4	AI_Videos/12779_대우.mp4
접대	https://sonnuri.s3.ap-northeast-2.amazonaws.com/AI_Videos/12779_접대.mp4	AI_Videos/12779_접대.mp4
이름	https://sonnuri.s3.ap-northeast-2.amazonaws.com/AI_Videos/12791_이름.mp4	AI_Videos/12791_이름.mp4
명	https://sonnuri.s3.ap-northeast-2.amazonaws.com/AI_Videos/12792_명.mp4	AI_Videos/12792_명.mp4
절대	https://sonnuri.s3.ap-northeast-2.amazonaws.com/AI_Videos/12797_절대.mp4	AI_Videos/12797_절대.mp4
이	https://sonnuri.s3.ap-northeast-2.amazonaws.com/AI_Videos/12822_이.mp4	AI_Videos/12822_이.mp4
인정	https://sonnuri.s3.ap-northeast-2.amazonaws.com/AI_Videos/12856_인정.mp4	AI_Videos/12856_인정.mp4
변경	https://sonnuri.s3.ap-northeast-2.amazonaws.com/AI_Videos/12889_변경.mp4	AI_Videos/12889_변경.mp4
변동	https://sonnuri.s3.ap-northeast-2.amazonaws.com/AI_Videos/12890_변동.mp4	AI_Videos/12890_변동.mp4
면제	https://sonnuri.s3.ap-northeast-2.amazonaws.com/AI_Videos/12895_면제.mp4	AI_Videos/12895_면제.mp4
쓰다	https://sonnuri.s3.ap-northeast-2.amazonaws.com/AI_Videos/12915_쓰다.mp4	AI_Videos/12915_쓰다.mp4
한도	https://sonnuri.s3.ap-northeast-2.amazonaws.com/AI_Videos/12923_한도.mp4	AI_Videos/12923_한도.mp4
전화	https://sonnuri.s3.ap-northeast-2.amazonaws.com/AI_Videos/12950_전화.mp4	AI_Videos/12950_전화.mp4
다음	https://sonnuri.s3.ap-northeast-2.amazonaws.com/AI_Videos/12962_다음.mp4	AI_Videos/12962_다음.mp4
구매	https://sonnuri.s3.ap-northeast-2.amazonaws.com/AI_Videos/13000_구매.mp4	AI_Videos/13000_구매.mp4
매수	https://sonnuri.s3.ap-northeast-2.amazonaws.com/AI_Videos/13003_매수.mp4	AI_Videos/13003_매수.mp4
상세하다	https://sonnuri.s3.ap-northeast-2.amazonaws.com/AI_Videos/13011_상세하다.mp4	AI_Videos/13011_상세하다.mp4
빌리다	https://sonnuri.s3.ap-northeast-2.amazonaws.com/AI_Videos/13021_빌리다.mp4	AI_Videos/13021_빌리다.mp4
미리	https://sonnuri.s3.ap-northeast-2.amazonaws.com/AI_Videos/13042_미리.mp4	AI_Videos/13042_미리.mp4
문화	https://sonnuri.s3.ap-northeast-2.amazonaws.com/AI_Videos/13057_문화.mp4	AI_Videos/13057_문화.mp4
조건	https://sonnuri.s3.ap-northeast-2.amazonaws.com/AI_Videos/13087_조건.mp4	AI_Videos/13087_조건.mp4
현재	https://sonnuri.s3.ap-northeast-2.amazonaws.com/AI_Videos/13102_현재.mp4	AI_Videos/13102_현재.mp4
보내다	https://sonnuri.s3.ap-northeast-2.amazonaws.com/AI_Videos/13150_보내다.mp4	AI_Videos/13150_보내다.mp4
전체	https://sonnuri.s3.ap-northeast-2.amazonaws.com/AI_Videos/13212_전체.mp4	AI_Videos/13212_전체.mp4
모든	https://sonnuri.s3.ap-northeast-2.amazonaws.com/AI_Videos/13214_모든.mp4	AI_Videos/13214_모든.mp4
미국	https://sonnuri.s3.ap-northeast-2.amazonaws.com/AI_Videos/13270_미국.mp4	AI_Videos/13270_미국.mp4
이전	https://sonnuri.s3.ap-northeast-2.amazonaws.com/AI_Videos/13291_이전.mp4	AI_Videos/13291_이전.mp4
전	https://sonnuri.s3.ap-northeast-2.amazonaws.com/AI_Videos/13334_전.mp4	AI_Videos/13334_전.mp4
이전	https://sonnuri.s3.ap-northeast-2.amazonaws.com/AI_Videos/13336_이전.mp4	AI_Videos/13336_이전.mp4
사정	https://sonnuri.s3.ap-northeast-2.amazonaws.com/AI_Videos/13337_사정.mp4	AI_Videos/13337_사정.mp4
확장	https://sonnuri.s3.ap-northeast-2.amazonaws.com/AI_Videos/13360_확장.mp4	AI_Videos/13360_확장.mp4
전자	https://sonnuri.s3.ap-northeast-2.amazonaws.com/AI_Videos/13380_전자.mp4	AI_Videos/13380_전자.mp4
자유	https://sonnuri.s3.ap-northeast-2.amazonaws.com/AI_Videos/13406_자유.mp4	AI_Videos/13406_자유.mp4
낮다	https://sonnuri.s3.ap-northeast-2.amazonaws.com/AI_Videos/13425_낮다.mp4	AI_Videos/13425_낮다.mp4
목적	https://sonnuri.s3.ap-northeast-2.amazonaws.com/AI_Videos/13438_목적.mp4	AI_Videos/13438_목적.mp4
자주	https://sonnuri.s3.ap-northeast-2.amazonaws.com/AI_Videos/13456_자주.mp4	AI_Videos/13456_자주.mp4
조절	https://sonnuri.s3.ap-northeast-2.amazonaws.com/AI_Videos/13475_조절.mp4	AI_Videos/13475_조절.mp4
선택	https://sonnuri.s3.ap-northeast-2.amazonaws.com/AI_Videos/13499_선택.mp4	AI_Videos/13499_선택.mp4
본인	https://sonnuri.s3.ap-northeast-2.amazonaws.com/AI_Videos/13508_본인.mp4	AI_Videos/13508_본인.mp4
국민	https://sonnuri.s3.ap-northeast-2.amazonaws.com/AI_Videos/13519_국민.mp4	AI_Videos/13519_국민.mp4
결정	https://sonnuri.s3.ap-northeast-2.amazonaws.com/AI_Videos/13523_결정.mp4	AI_Videos/13523_결정.mp4
정하다	https://sonnuri.s3.ap-northeast-2.amazonaws.com/AI_Videos/13524_정하다.mp4	AI_Videos/13524_정하다.mp4
수	https://sonnuri.s3.ap-northeast-2.amazonaws.com/AI_Videos/13547_수.mp4	AI_Videos/13547_수.mp4
이하	https://sonnuri.s3.ap-northeast-2.amazonaws.com/AI_Videos/13561_이하.mp4	AI_Videos/13561_이하.mp4
결과	https://sonnuri.s3.ap-northeast-2.amazonaws.com/AI_Videos/13582_결과.mp4	AI_Videos/13582_결과.mp4
구분	https://sonnuri.s3.ap-northeast-2.amazonaws.com/AI_Videos/13617_구분.mp4	AI_Videos/13617_구분.mp4
대응	https://sonnuri.s3.ap-northeast-2.amazonaws.com/AI_Videos/13643_대응.mp4	AI_Videos/13643_대응.mp4
전환	https://sonnuri.s3.ap-northeast-2.amazonaws.com/AI_Videos/13682_전환.mp4	AI_Videos/13682_전환.mp4
종이	https://sonnuri.s3.ap-northeast-2.amazonaws.com/AI_Videos/13848_종이.mp4	AI_Videos/13848_종이.mp4
거래	https://sonnuri.s3.ap-northeast-2.amazonaws.com/AI_Videos/13851_거래.mp4	AI_Videos/13851_거래.mp4
급여소득	https://sonnuri.s3.ap-northeast-2.amazonaws.com/AI_Videos/1385_급여소득.mp4	AI_Videos/1385_급여소득.mp4
첼로	https://sonnuri.s3.ap-northeast-2.amazonaws.com/AI_Videos/13874_첼로.mp4	AI_Videos/13874_첼로.mp4
계약	https://sonnuri.s3.ap-northeast-2.amazonaws.com/AI_Videos/13913_계약.mp4	AI_Videos/13913_계약.mp4
맺다	https://sonnuri.s3.ap-northeast-2.amazonaws.com/AI_Videos/13914_맺다.mp4	AI_Videos/13914_맺다.mp4
예약	https://sonnuri.s3.ap-northeast-2.amazonaws.com/AI_Videos/13916_예약.mp4	AI_Videos/13916_예약.mp4
정확	https://sonnuri.s3.ap-northeast-2.amazonaws.com/AI_Videos/13961_정확.mp4	AI_Videos/13961_정확.mp4
확실하다	https://sonnuri.s3.ap-northeast-2.amazonaws.com/AI_Videos/13968_확실하다.mp4	AI_Videos/13968_확실하다.mp4
그러면	https://sonnuri.s3.ap-northeast-2.amazonaws.com/AI_Videos/14024_그러면.mp4	AI_Videos/14024_그러면.mp4
신	https://sonnuri.s3.ap-northeast-2.amazonaws.com/AI_Videos/14038_신.mp4	AI_Videos/14038_신.mp4
가능	https://sonnuri.s3.ap-northeast-2.amazonaws.com/AI_Videos/14042_가능.mp4	AI_Videos/14042_가능.mp4
할수있다	https://sonnuri.s3.ap-northeast-2.amazonaws.com/AI_Videos/14043_할수있다.mp4	AI_Videos/14043_할수있다.mp4
설명	https://sonnuri.s3.ap-northeast-2.amazonaws.com/AI_Videos/14142_설명.mp4	AI_Videos/14142_설명.mp4
조심	https://sonnuri.s3.ap-northeast-2.amazonaws.com/AI_Videos/14151_조심.mp4	AI_Videos/14151_조심.mp4
주의	https://sonnuri.s3.ap-northeast-2.amazonaws.com/AI_Videos/14152_주의.mp4	AI_Videos/14152_주의.mp4
내용	https://sonnuri.s3.ap-northeast-2.amazonaws.com/AI_Videos/14176_내용.mp4	AI_Videos/14176_내용.mp4
내역	https://sonnuri.s3.ap-northeast-2.amazonaws.com/AI_Videos/14178_내역.mp4	AI_Videos/14178_내역.mp4
사항	https://sonnuri.s3.ap-northeast-2.amazonaws.com/AI_Videos/14179_사항.mp4	AI_Videos/14179_사항.mp4
보조	https://sonnuri.s3.ap-northeast-2.amazonaws.com/AI_Videos/14187_보조.mp4	AI_Videos/14187_보조.mp4
안내	https://sonnuri.s3.ap-northeast-2.amazonaws.com/AI_Videos/14197_안내.mp4	AI_Videos/14197_안내.mp4
이끌다	https://sonnuri.s3.ap-northeast-2.amazonaws.com/AI_Videos/14201_이끌다.mp4	AI_Videos/14201_이끌다.mp4
제출	https://sonnuri.s3.ap-northeast-2.amazonaws.com/AI_Videos/14220_제출.mp4	AI_Videos/14220_제출.mp4
-았-었	https://sonnuri.s3.ap-northeast-2.amazonaws.com/AI_Videos/14244_-았-었.mp4	AI_Videos/14244_-았-었.mp4
말다	https://sonnuri.s3.ap-northeast-2.amazonaws.com/AI_Videos/14263_말다.mp4	AI_Videos/14263_말다.mp4
은메달	https://sonnuri.s3.ap-northeast-2.amazonaws.com/AI_Videos/14306_은메달.mp4	AI_Videos/14306_은메달.mp4
때	https://sonnuri.s3.ap-northeast-2.amazonaws.com/AI_Videos/14320_때.mp4	AI_Videos/14320_때.mp4
경우	https://sonnuri.s3.ap-northeast-2.amazonaws.com/AI_Videos/14321_경우.mp4	AI_Videos/14321_경우.mp4
시기	https://sonnuri.s3.ap-northeast-2.amazonaws.com/AI_Videos/14322_시기.mp4	AI_Videos/14322_시기.mp4
사회	https://sonnuri.s3.ap-northeast-2.amazonaws.com/AI_Videos/14351_사회.mp4	AI_Videos/14351_사회.mp4
자신	https://sonnuri.s3.ap-northeast-2.amazonaws.com/AI_Videos/14354_자신.mp4	AI_Videos/14354_자신.mp4
충분하다	https://sonnuri.s3.ap-northeast-2.amazonaws.com/AI_Videos/14360_충분하다.mp4	AI_Videos/14360_충분하다.mp4
이후	https://sonnuri.s3.ap-northeast-2.amazonaws.com/AI_Videos/14374_이후.mp4	AI_Videos/14374_이후.mp4
후	https://sonnuri.s3.ap-northeast-2.amazonaws.com/AI_Videos/14375_후.mp4	AI_Videos/14375_후.mp4
수어	https://sonnuri.s3.ap-northeast-2.amazonaws.com/AI_Videos/14376_수어.mp4	AI_Videos/14376_수어.mp4
구역	https://sonnuri.s3.ap-northeast-2.amazonaws.com/AI_Videos/14380_구역.mp4	AI_Videos/14380_구역.mp4
지역	https://sonnuri.s3.ap-northeast-2.amazonaws.com/AI_Videos/14381_지역.mp4	AI_Videos/14381_지역.mp4
주고받다	https://sonnuri.s3.ap-northeast-2.amazonaws.com/AI_Videos/14389_주고받다.mp4	AI_Videos/14389_주고받다.mp4
중지	https://sonnuri.s3.ap-northeast-2.amazonaws.com/AI_Videos/14409_중지.mp4	AI_Videos/14409_중지.mp4
수단	https://sonnuri.s3.ap-northeast-2.amazonaws.com/AI_Videos/14464_수단.mp4	AI_Videos/14464_수단.mp4
가입	https://sonnuri.s3.ap-northeast-2.amazonaws.com/AI_Videos/14472_가입.mp4	AI_Videos/14472_가입.mp4
등록	https://sonnuri.s3.ap-northeast-2.amazonaws.com/AI_Videos/14473_등록.mp4	AI_Videos/14473_등록.mp4
우리	https://sonnuri.s3.ap-northeast-2.amazonaws.com/AI_Videos/14502_우리.mp4	AI_Videos/14502_우리.mp4
정도	https://sonnuri.s3.ap-northeast-2.amazonaws.com/AI_Videos/14507_정도.mp4	AI_Videos/14507_정도.mp4
지출	https://sonnuri.s3.ap-northeast-2.amazonaws.com/AI_Videos/14530_지출.mp4	AI_Videos/14530_지출.mp4
증명	https://sonnuri.s3.ap-northeast-2.amazonaws.com/AI_Videos/14548_증명.mp4	AI_Videos/14548_증명.mp4
중도	https://sonnuri.s3.ap-northeast-2.amazonaws.com/AI_Videos/14561_중도.mp4	AI_Videos/14561_중도.mp4
제시	https://sonnuri.s3.ap-northeast-2.amazonaws.com/AI_Videos/14572_제시.mp4	AI_Videos/14572_제시.mp4
서류	https://sonnuri.s3.ap-northeast-2.amazonaws.com/AI_Videos/14580_서류.mp4	AI_Videos/14580_서류.mp4
문서	https://sonnuri.s3.ap-northeast-2.amazonaws.com/AI_Videos/14581_문서.mp4	AI_Videos/14581_문서.mp4
문장	https://sonnuri.s3.ap-northeast-2.amazonaws.com/AI_Videos/14610_문장.mp4	AI_Videos/14610_문장.mp4
날	https://sonnuri.s3.ap-northeast-2.amazonaws.com/AI_Videos/14618_날.mp4	AI_Videos/14618_날.mp4
날짜	https://sonnuri.s3.ap-northeast-2.amazonaws.com/AI_Videos/14618_날짜.mp4	AI_Videos/14618_날짜.mp4
일자	https://sonnuri.s3.ap-northeast-2.amazonaws.com/AI_Videos/14619_일자.mp4	AI_Videos/14619_일자.mp4
잔액	https://sonnuri.s3.ap-northeast-2.amazonaws.com/AI_Videos/14629_잔액.mp4	AI_Videos/14629_잔액.mp4
일	https://sonnuri.s3.ap-northeast-2.amazonaws.com/AI_Videos/14679_일.mp4	AI_Videos/14679_일.mp4
기본	https://sonnuri.s3.ap-northeast-2.amazonaws.com/AI_Videos/14683_기본.mp4	AI_Videos/14683_기본.mp4
하다	https://sonnuri.s3.ap-northeast-2.amazonaws.com/AI_Videos/14721_하다.mp4	AI_Videos/14721_하다.mp4
끝내다	https://sonnuri.s3.ap-northeast-2.amazonaws.com/AI_Videos/14741_끝내다.mp4	AI_Videos/14741_끝내다.mp4
명령	https://sonnuri.s3.ap-northeast-2.amazonaws.com/AI_Videos/14801_명령.mp4	AI_Videos/14801_명령.mp4
상담	https://sonnuri.s3.ap-northeast-2.amazonaws.com/AI_Videos/14808_상담.mp4	AI_Videos/14808_상담.mp4
최고	https://sonnuri.s3.ap-northeast-2.amazonaws.com/AI_Videos/14814_최고.mp4	AI_Videos/14814_최고.mp4
가장	https://sonnuri.s3.ap-northeast-2.amazonaws.com/AI_Videos/14815_가장.mp4	AI_Videos/14815_가장.mp4
전쟁	https://sonnuri.s3.ap-northeast-2.amazonaws.com/AI_Videos/14830_전쟁.mp4	AI_Videos/14830_전쟁.mp4
전투	https://sonnuri.s3.ap-northeast-2.amazonaws.com/AI_Videos/14831_전투.mp4	AI_Videos/14831_전투.mp4
조사	https://sonnuri.s3.ap-northeast-2.amazonaws.com/AI_Videos/14898_조사.mp4	AI_Videos/14898_조사.mp4
사용	https://sonnuri.s3.ap-northeast-2.amazonaws.com/AI_Videos/14912_사용.mp4	AI_Videos/14912_사용.mp4
쓰다	https://sonnuri.s3.ap-northeast-2.amazonaws.com/AI_Videos/14914_쓰다.mp4	AI_Videos/14914_쓰다.mp4
이용	https://sonnuri.s3.ap-northeast-2.amazonaws.com/AI_Videos/14915_이용.mp4	AI_Videos/14915_이용.mp4
고객	https://sonnuri.s3.ap-northeast-2.amazonaws.com/AI_Videos/14920_고객.mp4	AI_Videos/14920_고객.mp4
취소권	https://sonnuri.s3.ap-northeast-2.amazonaws.com/AI_Videos/15042_취소권.mp4	AI_Videos/15042_취소권.mp4
정보	https://sonnuri.s3.ap-northeast-2.amazonaws.com/AI_Videos/15132_정보.mp4	AI_Videos/15132_정보.mp4
비교	https://sonnuri.s3.ap-northeast-2.amazonaws.com/AI_Videos/15133_비교.mp4	AI_Videos/15133_비교.mp4
합치다	https://sonnuri.s3.ap-northeast-2.amazonaws.com/AI_Videos/15162_합치다.mp4	AI_Videos/15162_합치다.mp4
까지	https://sonnuri.s3.ap-northeast-2.amazonaws.com/AI_Videos/15213_까지.mp4	AI_Videos/15213_까지.mp4
종료	https://sonnuri.s3.ap-northeast-2.amazonaws.com/AI_Videos/15215_종료.mp4	AI_Videos/15215_종료.mp4
보장	https://sonnuri.s3.ap-northeast-2.amazonaws.com/AI_Videos/15224_보장.mp4	AI_Videos/15224_보장.mp4
전자	https://sonnuri.s3.ap-northeast-2.amazonaws.com/AI_Videos/15247_전자.mp4	AI_Videos/15247_전자.mp4
상황	https://sonnuri.s3.ap-northeast-2.amazonaws.com/AI_Videos/15261_상황.mp4	AI_Videos/15261_상황.mp4
회원	https://sonnuri.s3.ap-northeast-2.amazonaws.com/AI_Videos/15267_회원.mp4	AI_Videos/15267_회원.mp4
표시	https://sonnuri.s3.ap-northeast-2.amazonaws.com/AI_Videos/15273_표시.mp4	AI_Videos/15273_표시.mp4
기술	https://sonnuri.s3.ap-northeast-2.amazonaws.com/AI_Videos/15382_기술.mp4	AI_Videos/15382_기술.mp4
저축	https://sonnuri.s3.ap-northeast-2.amazonaws.com/AI_Videos/15391_저축.mp4	AI_Videos/15391_저축.mp4
예금	https://sonnuri.s3.ap-northeast-2.amazonaws.com/AI_Videos/15392_예금.mp4	AI_Videos/15392_예금.mp4
적금	https://sonnuri.s3.ap-northeast-2.amazonaws.com/AI_Videos/15393_적금.mp4	AI_Videos/15393_적금.mp4
다만	https://sonnuri.s3.ap-northeast-2.amazonaws.com/AI_Videos/15409_다만.mp4	AI_Videos/15409_다만.mp4
맞다	https://sonnuri.s3.ap-northeast-2.amazonaws.com/AI_Videos/15559_맞다.mp4	AI_Videos/15559_맞다.mp4
그	https://sonnuri.s3.ap-northeast-2.amazonaws.com/AI_Videos/15567_그.mp4	AI_Videos/15567_그.mp4
납입	https://sonnuri.s3.ap-northeast-2.amazonaws.com/AI_Videos/15599_납입.mp4	AI_Videos/15599_납입.mp4
지급	https://sonnuri.s3.ap-northeast-2.amazonaws.com/AI_Videos/15600_지급.mp4	AI_Videos/15600_지급.mp4
사람	https://sonnuri.s3.ap-northeast-2.amazonaws.com/AI_Videos/15636_사람.mp4	AI_Videos/15636_사람.mp4
영향	https://sonnuri.s3.ap-northeast-2.amazonaws.com/AI_Videos/15645_영향.mp4	AI_Videos/15645_영향.mp4
있다	https://sonnuri.s3.ap-northeast-2.amazonaws.com/AI_Videos/15651_있다.mp4	AI_Videos/15651_있다.mp4
위험	https://sonnuri.s3.ap-northeast-2.amazonaws.com/AI_Videos/15683_위험.mp4	AI_Videos/15683_위험.mp4
맞추다	https://sonnuri.s3.ap-northeast-2.amazonaws.com/AI_Videos/15695_맞추다.mp4	AI_Videos/15695_맞추다.mp4
번호	https://sonnuri.s3.ap-northeast-2.amazonaws.com/AI_Videos/15744_번호.mp4	AI_Videos/15744_번호.mp4
올바르다	https://sonnuri.s3.ap-northeast-2.amazonaws.com/AI_Videos/15799_올바르다.mp4	AI_Videos/15799_올바르다.mp4
금융	https://sonnuri.s3.ap-northeast-2.amazonaws.com/AI_Videos/15812_금융.mp4	AI_Videos/15812_금융.mp4
은행	https://sonnuri.s3.ap-northeast-2.amazonaws.com/AI_Videos/15813_은행.mp4	AI_Videos/15813_은행.mp4
기술자	https://sonnuri.s3.ap-northeast-2.amazonaws.com/AI_Videos/15819_기술자.mp4	AI_Videos/15819_기술자.mp4
희망	https://sonnuri.s3.ap-northeast-2.amazonaws.com/AI_Videos/15842_희망.mp4	AI_Videos/15842_희망.mp4
자금	https://sonnuri.s3.ap-northeast-2.amazonaws.com/AI_Videos/15852_자금.mp4	AI_Videos/15852_자금.mp4
종류	https://sonnuri.s3.ap-northeast-2.amazonaws.com/AI_Videos/15877_종류.mp4	AI_Videos/15877_종류.mp4
않다	https://sonnuri.s3.ap-northeast-2.amazonaws.com/AI_Videos/15905_않다.mp4	AI_Videos/15905_않다.mp4
높임법	https://sonnuri.s3.ap-northeast-2.amazonaws.com/AI_Videos/15913_높임법.mp4	AI_Videos/15913_높임법.mp4
로그인	https://sonnuri.s3.ap-northeast-2.amazonaws.com/AI_Videos/15939_로그인.mp4	AI_Videos/15939_로그인.mp4
두려움	https://sonnuri.s3.ap-northeast-2.amazonaws.com/AI_Videos/15940_두려움.mp4	AI_Videos/15940_두려움.mp4
인터넷	https://sonnuri.s3.ap-northeast-2.amazonaws.com/AI_Videos/15955_인터넷.mp4	AI_Videos/15955_인터넷.mp4
통신	https://sonnuri.s3.ap-northeast-2.amazonaws.com/AI_Videos/15963_통신.mp4	AI_Videos/15963_통신.mp4
사용자	https://sonnuri.s3.ap-northeast-2.amazonaws.com/AI_Videos/15970_사용자.mp4	AI_Videos/15970_사용자.mp4
소비자	https://sonnuri.s3.ap-northeast-2.amazonaws.com/AI_Videos/15971_소비자.mp4	AI_Videos/15971_소비자.mp4
센터	https://sonnuri.s3.ap-northeast-2.amazonaws.com/AI_Videos/16007_센터.mp4	AI_Videos/16007_센터.mp4
들	https://sonnuri.s3.ap-northeast-2.amazonaws.com/AI_Videos/16027_들.mp4	AI_Videos/16027_들.mp4
힘	https://sonnuri.s3.ap-northeast-2.amazonaws.com/AI_Videos/16041_힘.mp4	AI_Videos/16041_힘.mp4
받다	https://sonnuri.s3.ap-northeast-2.amazonaws.com/AI_Videos/16082_받다.mp4	AI_Videos/16082_받다.mp4
작성	https://sonnuri.s3.ap-northeast-2.amazonaws.com/AI_Videos/16169_작성.mp4	AI_Videos/16169_작성.mp4
출금	https://sonnuri.s3.ap-northeast-2.amazonaws.com/AI_Videos/16174_출금.mp4	AI_Videos/16174_출금.mp4
신용	https://sonnuri.s3.ap-northeast-2.amazonaws.com/AI_Videos/16203_신용.mp4	AI_Videos/16203_신용.mp4
보관소	https://sonnuri.s3.ap-northeast-2.amazonaws.com/AI_Videos/16218_보관소.mp4	AI_Videos/16218_보관소.mp4
동의	https://sonnuri.s3.ap-northeast-2.amazonaws.com/AI_Videos/16245_동의.mp4	AI_Videos/16245_동의.mp4
해지	https://sonnuri.s3.ap-northeast-2.amazonaws.com/AI_Videos/16317_해지.mp4	AI_Videos/16317_해지.mp4
개월	https://sonnuri.s3.ap-northeast-2.amazonaws.com/AI_Videos/16393_개월.mp4	AI_Videos/16393_개월.mp4
사업	https://sonnuri.s3.ap-northeast-2.amazonaws.com/AI_Videos/16418_사업.mp4	AI_Videos/16418_사업.mp4
원금	https://sonnuri.s3.ap-northeast-2.amazonaws.com/AI_Videos/16427_원금.mp4	AI_Videos/16427_원금.mp4
시	https://sonnuri.s3.ap-northeast-2.amazonaws.com/AI_Videos/16443_시.mp4	AI_Videos/16443_시.mp4
발전	https://sonnuri.s3.ap-northeast-2.amazonaws.com/AI_Videos/16448_발전.mp4	AI_Videos/16448_발전.mp4
그러나	https://sonnuri.s3.ap-northeast-2.amazonaws.com/AI_Videos/16526_그러나.mp4	AI_Videos/16526_그러나.mp4
실명	https://sonnuri.s3.ap-northeast-2.amazonaws.com/AI_Videos/16540_실명.mp4	AI_Videos/16540_실명.mp4
영화	https://sonnuri.s3.ap-northeast-2.amazonaws.com/AI_Videos/16554_영화.mp4	AI_Videos/16554_영화.mp4
빠르다	https://sonnuri.s3.ap-northeast-2.amazonaws.com/AI_Videos/16633_빠르다.mp4	AI_Videos/16633_빠르다.mp4
글자	https://sonnuri.s3.ap-northeast-2.amazonaws.com/AI_Videos/16698_글자.mp4	AI_Videos/16698_글자.mp4
더욱	https://sonnuri.s3.ap-northeast-2.amazonaws.com/AI_Videos/16753_더욱.mp4	AI_Videos/16753_더욱.mp4
지점	https://sonnuri.s3.ap-northeast-2.amazonaws.com/AI_Videos/16756_지점.mp4	AI_Videos/16756_지점.mp4
투자	https://sonnuri.s3.ap-northeast-2.amazonaws.com/AI_Videos/16804_투자.mp4	AI_Videos/16804_투자.mp4
느리다	https://sonnuri.s3.ap-northeast-2.amazonaws.com/AI_Videos/16814_느리다.mp4	AI_Videos/16814_느리다.mp4
이것	https://sonnuri.s3.ap-northeast-2.amazonaws.com/AI_Videos/16841_이것.mp4	AI_Videos/16841_이것.mp4
자동	https://sonnuri.s3.ap-northeast-2.amazonaws.com/AI_Videos/16846_자동.mp4	AI_Videos/16846_자동.mp4
마지못하다	https://sonnuri.s3.ap-northeast-2.amazonaws.com/AI_Videos/16853_마지못하다.mp4	AI_Videos/16853_마지못하다.mp4
이유	https://sonnuri.s3.ap-northeast-2.amazonaws.com/AI_Videos/16875_이유.mp4	AI_Videos/16875_이유.mp4
변하다	https://sonnuri.s3.ap-northeast-2.amazonaws.com/AI_Videos/16889_변하다.mp4	AI_Videos/16889_변하다.mp4
변화	https://sonnuri.s3.ap-northeast-2.amazonaws.com/AI_Videos/16891_변화.mp4	AI_Videos/16891_변화.mp4
높다	https://sonnuri.s3.ap-northeast-2.amazonaws.com/AI_Videos/16894_높다.mp4	AI_Videos/16894_높다.mp4
또	https://sonnuri.s3.ap-northeast-2.amazonaws.com/AI_Videos/16898_또.mp4	AI_Videos/16898_또.mp4
그리고	https://sonnuri.s3.ap-northeast-2.amazonaws.com/AI_Videos/16899_그리고.mp4	AI_Videos/16899_그리고.mp4
방법	https://sonnuri.s3.ap-northeast-2.amazonaws.com/AI_Videos/16974_방법.mp4	AI_Videos/16974_방법.mp4
방식	https://sonnuri.s3.ap-northeast-2.amazonaws.com/AI_Videos/16976_방식.mp4	AI_Videos/16976_방식.mp4
잡아당기다	https://sonnuri.s3.ap-northeast-2.amazonaws.com/AI_Videos/16988_잡아당기다.mp4	AI_Videos/16988_잡아당기다.mp4
규칙	https://sonnuri.s3.ap-northeast-2.amazonaws.com/AI_Videos/17032_규칙.mp4	AI_Videos/17032_규칙.mp4
쉽다	https://sonnuri.s3.ap-northeast-2.amazonaws.com/AI_Videos/17053_쉽다.mp4	AI_Videos/17053_쉽다.mp4
편하다	https://sonnuri.s3.ap-northeast-2.amazonaws.com/AI_Videos/17100_편하다.mp4	AI_Videos/17100_편하다.mp4
월	https://sonnuri.s3.ap-northeast-2.amazonaws.com/AI_Videos/17134_월.mp4	AI_Videos/17134_월.mp4
목차	https://sonnuri.s3.ap-northeast-2.amazonaws.com/AI_Videos/17194_목차.mp4	AI_Videos/17194_목차.mp4
상실	https://sonnuri.s3.ap-northeast-2.amazonaws.com/AI_Videos/17208_상실.mp4	AI_Videos/17208_상실.mp4
만기	https://sonnuri.s3.ap-northeast-2.amazonaws.com/AI_Videos/1721_만기.mp4	AI_Videos/1721_만기.mp4
알리다	https://sonnuri.s3.ap-northeast-2.amazonaws.com/AI_Videos/17288_알리다.mp4	AI_Videos/17288_알리다.mp4
상품	https://sonnuri.s3.ap-northeast-2.amazonaws.com/AI_Videos/17391_상품.mp4	AI_Videos/17391_상품.mp4
현금	https://sonnuri.s3.ap-northeast-2.amazonaws.com/AI_Videos/17402_현금.mp4	AI_Videos/17402_현금.mp4
복리	https://sonnuri.s3.ap-northeast-2.amazonaws.com/AI_Videos/17446_복리.mp4	AI_Videos/17446_복리.mp4
주다	https://sonnuri.s3.ap-northeast-2.amazonaws.com/AI_Videos/17494_주다.mp4	AI_Videos/17494_주다.mp4
내주다	https://sonnuri.s3.ap-northeast-2.amazonaws.com/AI_Videos/17496_내주다.mp4	AI_Videos/17496_내주다.mp4
제공	https://sonnuri.s3.ap-northeast-2.amazonaws.com/AI_Videos/17498_제공.mp4	AI_Videos/17498_제공.mp4
다르다	https://sonnuri.s3.ap-northeast-2.amazonaws.com/AI_Videos/17506_다르다.mp4	AI_Videos/17506_다르다.mp4
일반	https://sonnuri.s3.ap-northeast-2.amazonaws.com/AI_Videos/17578_일반.mp4	AI_Videos/17578_일반.mp4
성장	https://sonnuri.s3.ap-northeast-2.amazonaws.com/AI_Videos/17592_성장.mp4	AI_Videos/17592_성장.mp4
성공	https://sonnuri.s3.ap-northeast-2.amazonaws.com/AI_Videos/17618_성공.mp4	AI_Videos/17618_성공.mp4
금리	https://sonnuri.s3.ap-northeast-2.amazonaws.com/AI_Videos/17639_금리.mp4	AI_Videos/17639_금리.mp4
되다	https://sonnuri.s3.ap-northeast-2.amazonaws.com/AI_Videos/17701_되다.mp4	AI_Videos/17701_되다.mp4
주인공	https://sonnuri.s3.ap-northeast-2.amazonaws.com/AI_Videos/17721_주인공.mp4	AI_Videos/17721_주인공.mp4
계산	https://sonnuri.s3.ap-northeast-2.amazonaws.com/AI_Videos/17723_계산.mp4	AI_Videos/17723_계산.mp4
안전	https://sonnuri.s3.ap-northeast-2.amazonaws.com/AI_Videos/17739_안전.mp4	AI_Videos/17739_안전.mp4
기계	https://sonnuri.s3.ap-northeast-2.amazonaws.com/AI_Videos/17747_기계.mp4	AI_Videos/17747_기계.mp4
휴게소	https://sonnuri.s3.ap-northeast-2.amazonaws.com/AI_Videos/17783_휴게소.mp4	AI_Videos/17783_휴게소.mp4
혁신	https://sonnuri.s3.ap-northeast-2.amazonaws.com/AI_Videos/17795_혁신.mp4	AI_Videos/17795_혁신.mp4
특성	https://sonnuri.s3.ap-northeast-2.amazonaws.com/AI_Videos/17851_특성.mp4	AI_Videos/17851_특성.mp4
가격	https://sonnuri.s3.ap-northeast-2.amazonaws.com/AI_Videos/17883_가격.mp4	AI_Videos/17883_가격.mp4
금액	https://sonnuri.s3.ap-northeast-2.amazonaws.com/AI_Videos/17884_금액.mp4	AI_Videos/17884_금액.mp4
돈	https://sonnuri.s3.ap-northeast-2.amazonaws.com/AI_Videos/17885_돈.mp4	AI_Videos/17885_돈.mp4
수수료	https://sonnuri.s3.ap-northeast-2.amazonaws.com/AI_Videos/17891_수수료.mp4	AI_Videos/17891_수수료.mp4
메뉴	https://sonnuri.s3.ap-northeast-2.amazonaws.com/AI_Videos/17896_메뉴.mp4	AI_Videos/17896_메뉴.mp4
타인	https://sonnuri.s3.ap-northeast-2.amazonaws.com/AI_Videos/17903_타인.mp4	AI_Videos/17903_타인.mp4
오르다	https://sonnuri.s3.ap-northeast-2.amazonaws.com/AI_Videos/17919_오르다.mp4	AI_Videos/17919_오르다.mp4
이해	https://sonnuri.s3.ap-northeast-2.amazonaws.com/AI_Videos/18002_이해.mp4	AI_Videos/18002_이해.mp4
권리	https://sonnuri.s3.ap-northeast-2.amazonaws.com/AI_Videos/18018_권리.mp4	AI_Videos/18018_권리.mp4
단어	https://sonnuri.s3.ap-northeast-2.amazonaws.com/AI_Videos/18078_단어.mp4	AI_Videos/18078_단어.mp4
보다	https://sonnuri.s3.ap-northeast-2.amazonaws.com/AI_Videos/18084_보다.mp4	AI_Videos/18084_보다.mp4
위하다	https://sonnuri.s3.ap-northeast-2.amazonaws.com/AI_Videos/18086_위하다.mp4	AI_Videos/18086_위하다.mp4
연사	https://sonnuri.s3.ap-northeast-2.amazonaws.com/AI_Videos/18088_연사.mp4	AI_Videos/18088_연사.mp4
사	https://sonnuri.s3.ap-northeast-2.amazonaws.com/AI_Videos/18139_사.mp4	AI_Videos/18139_사.mp4
회사	https://sonnuri.s3.ap-northeast-2.amazonaws.com/AI_Videos/18139_회사.mp4	AI_Videos/18139_회사.mp4
강요	https://sonnuri.s3.ap-northeast-2.amazonaws.com/AI_Videos/18144_강요.mp4	AI_Videos/18144_강요.mp4
연	https://sonnuri.s3.ap-northeast-2.amazonaws.com/AI_Videos/18168_연.mp4	AI_Videos/18168_연.mp4
국방	https://sonnuri.s3.ap-northeast-2.amazonaws.com/AI_Videos/18200_국방.mp4	AI_Videos/18200_국방.mp4
경쟁	https://sonnuri.s3.ap-northeast-2.amazonaws.com/AI_Videos/18243_경쟁.mp4	AI_Videos/18243_경쟁.mp4
고시	https://sonnuri.s3.ap-northeast-2.amazonaws.com/AI_Videos/18245_고시.mp4	AI_Videos/18245_고시.mp4
판매	https://sonnuri.s3.ap-northeast-2.amazonaws.com/AI_Videos/18258_판매.mp4	AI_Videos/18258_판매.mp4
원하다	https://sonnuri.s3.ap-northeast-2.amazonaws.com/AI_Videos/18300_원하다.mp4	AI_Videos/18300_원하다.mp4
바라다	https://sonnuri.s3.ap-northeast-2.amazonaws.com/AI_Videos/18301_바라다.mp4	AI_Videos/18301_바라다.mp4
원	https://sonnuri.s3.ap-northeast-2.amazonaws.com/AI_Videos/18306_원.mp4	AI_Videos/18306_원.mp4
회사원	https://sonnuri.s3.ap-northeast-2.amazonaws.com/AI_Videos/18339_회사원.mp4	AI_Videos/18339_회사원.mp4
요청	https://sonnuri.s3.ap-northeast-2.amazonaws.com/AI_Videos/18372_요청.mp4	AI_Videos/18372_요청.mp4
요구	https://sonnuri.s3.ap-northeast-2.amazonaws.com/AI_Videos/18374_요구.mp4	AI_Videos/18374_요구.mp4
바리사이파	https://sonnuri.s3.ap-northeast-2.amazonaws.com/AI_Videos/1837_바리사이파.mp4	AI_Videos/1837_바리사이파.mp4
기대다	https://sonnuri.s3.ap-northeast-2.amazonaws.com/AI_Videos/18380_기대다.mp4	AI_Videos/18380_기대다.mp4
주민등록증	https://sonnuri.s3.ap-northeast-2.amazonaws.com/AI_Videos/18403_주민등록증.mp4	AI_Videos/18403_주민등록증.mp4
어음	https://sonnuri.s3.ap-northeast-2.amazonaws.com/AI_Videos/1854_어음.mp4	AI_Videos/1854_어음.mp4
산업	https://sonnuri.s3.ap-northeast-2.amazonaws.com/AI_Videos/1884_산업.mp4	AI_Videos/1884_산업.mp4
기관	https://sonnuri.s3.ap-northeast-2.amazonaws.com/AI_Videos/18_기관.mp4	AI_Videos/18_기관.mp4
성장률	https://sonnuri.s3.ap-northeast-2.amazonaws.com/AI_Videos/1961_성장률.mp4	AI_Videos/1961_성장률.mp4
이익	https://sonnuri.s3.ap-northeast-2.amazonaws.com/AI_Videos/1962_이익.mp4	AI_Videos/1962_이익.mp4
가능한	https://sonnuri.s3.ap-northeast-2.amazonaws.com/AI_Videos/20001_가능한.mp4	AI_Videos/20001_가능한.mp4
거래처	https://sonnuri.s3.ap-northeast-2.amazonaws.com/AI_Videos/20001_거래처.mp4	AI_Videos/20001_거래처.mp4
개설한	https://sonnuri.s3.ap-northeast-2.amazonaws.com/AI_Videos/20002_개설한.mp4	AI_Videos/20002_개설한.mp4
거치식	https://sonnuri.s3.ap-northeast-2.amazonaws.com/AI_Videos/20002_거치식.mp4	AI_Videos/20002_거치식.mp4
공용	https://sonnuri.s3.ap-northeast-2.amazonaws.com/AI_Videos/20003_공용.mp4	AI_Videos/20003_공용.mp4
금융사	https://sonnuri.s3.ap-northeast-2.amazonaws.com/AI_Videos/20005_금융사.mp4	AI_Videos/20005_금융사.mp4
당행	https://sonnuri.s3.ap-northeast-2.amazonaws.com/AI_Videos/20006_당행.mp4	AI_Videos/20006_당행.mp4
대출	https://sonnuri.s3.ap-northeast-2.amazonaws.com/AI_Videos/20007_대출.mp4	AI_Videos/20007_대출.mp4
만료일	https://sonnuri.s3.ap-northeast-2.amazonaws.com/AI_Videos/20008_만료일.mp4	AI_Videos/20008_만료일.mp4
미사용	https://sonnuri.s3.ap-northeast-2.amazonaws.com/AI_Videos/20009_미사용.mp4	AI_Videos/20009_미사용.mp4
부득이한	https://sonnuri.s3.ap-northeast-2.amazonaws.com/AI_Videos/20010_부득이한.mp4	AI_Videos/20010_부득이한.mp4
불특정	https://sonnuri.s3.ap-northeast-2.amazonaws.com/AI_Videos/20011_불특정.mp4	AI_Videos/20011_불특정.mp4
비밀번호	https://sonnuri.s3.ap-northeast-2.amazonaws.com/AI_Videos/20012_비밀번호.mp4	AI_Videos/20012_비밀번호.mp4
사업자	https://sonnuri.s3.ap-northeast-2.amazonaws.com/AI_Videos/20013_사업자.mp4	AI_Videos/20013_사업자.mp4
사업자등록증	https://sonnuri.s3.ap-northeast-2.amazonaws.com/AI_Videos/20014_사업자등록증.mp4	AI_Videos/20014_사업자등록증.mp4
사용중	https://sonnuri.s3.ap-northeast-2.amazonaws.com/AI_Videos/20015_사용중.mp4	AI_Videos/20015_사용중.mp4
상품명	https://sonnuri.s3.ap-northeast-2.amazonaws.com/AI_Videos/20016_상품명.mp4	AI_Videos/20016_상품명.mp4
서명	https://sonnuri.s3.ap-northeast-2.amazonaws.com/AI_Videos/20017_서명.mp4	AI_Videos/20017_서명.mp4
설명서	https://sonnuri.s3.ap-northeast-2.amazonaws.com/AI_Videos/20018_설명서.mp4	AI_Videos/20018_설명서.mp4
설명서와	https://sonnuri.s3.ap-northeast-2.amazonaws.com/AI_Videos/20019_설명서와.mp4	AI_Videos/20019_설명서와.mp4
신규	https://sonnuri.s3.ap-northeast-2.amazonaws.com/AI_Videos/20020_신규.mp4	AI_Videos/20020_신규.mp4
신규일	https://sonnuri.s3.ap-northeast-2.amazonaws.com/AI_Videos/20021_신규일.mp4	AI_Videos/20021_신규일.mp4
실적	https://sonnuri.s3.ap-northeast-2.amazonaws.com/AI_Videos/20022_실적.mp4	AI_Videos/20022_실적.mp4
아이디	https://sonnuri.s3.ap-northeast-2.amazonaws.com/AI_Videos/20024_아이디.mp4	AI_Videos/20024_아이디.mp4
않아야	https://sonnuri.s3.ap-northeast-2.amazonaws.com/AI_Videos/20025_않아야.mp4	AI_Videos/20025_않아야.mp4
약정한	https://sonnuri.s3.ap-northeast-2.amazonaws.com/AI_Videos/20026_약정한.mp4	AI_Videos/20026_약정한.mp4
영업점	https://sonnuri.s3.ap-northeast-2.amazonaws.com/AI_Videos/20027_영업점.mp4	AI_Videos/20027_영업점.mp4
요청권	https://sonnuri.s3.ap-northeast-2.amazonaws.com/AI_Videos/20028_요청권.mp4	AI_Videos/20028_요청권.mp4
우대	https://sonnuri.s3.ap-northeast-2.amazonaws.com/AI_Videos/20030_우대.mp4	AI_Videos/20030_우대.mp4
월복리	https://sonnuri.s3.ap-northeast-2.amazonaws.com/AI_Videos/20031_월복리.mp4	AI_Videos/20031_월복리.mp4
이에	https://sonnuri.s3.ap-northeast-2.amazonaws.com/AI_Videos/20032_이에.mp4	AI_Videos/20032_이에.mp4
이체	https://sonnuri.s3.ap-northeast-2.amazonaws.com/AI_Videos/20033_이체.mp4	AI_Videos/20033_이체.mp4
입금	https://sonnuri.s3.ap-northeast-2.amazonaws.com/AI_Videos/20034_입금.mp4	AI_Videos/20034_입금.mp4
입출금	https://sonnuri.s3.ap-northeast-2.amazonaws.com/AI_Videos/20035_입출금.mp4	AI_Videos/20035_입출금.mp4
적립식	https://sonnuri.s3.ap-northeast-2.amazonaws.com/AI_Videos/20036_적립식.mp4	AI_Videos/20036_적립식.mp4
적용	https://sonnuri.s3.ap-northeast-2.amazonaws.com/AI_Videos/20037_적용.mp4	AI_Videos/20037_적용.mp4
전산	https://sonnuri.s3.ap-northeast-2.amazonaws.com/AI_Videos/20038_전산.mp4	AI_Videos/20038_전산.mp4
전이라도	https://sonnuri.s3.ap-northeast-2.amazonaws.com/AI_Videos/20039_전이라도.mp4	AI_Videos/20039_전이라도.mp4
정하는	https://sonnuri.s3.ap-northeast-2.amazonaws.com/AI_Videos/20040_정하는.mp4	AI_Videos/20040_정하는.mp4
청약	https://sonnuri.s3.ap-northeast-2.amazonaws.com/AI_Videos/20041_청약.mp4	AI_Videos/20041_청약.mp4
최대	https://sonnuri.s3.ap-northeast-2.amazonaws.com/AI_Videos/20042_최대.mp4	AI_Videos/20042_최대.mp4
최저	https://sonnuri.s3.ap-northeast-2.amazonaws.com/AI_Videos/20043_최저.mp4	AI_Videos/20043_최저.mp4
클라우드	https://sonnuri.s3.ap-northeast-2.amazonaws.com/AI_Videos/20044_클라우드.mp4	AI_Videos/20044_클라우드.mp4
타인에게	https://sonnuri.s3.ap-northeast-2.amazonaws.com/AI_Videos/20045_타인에게.mp4	AI_Videos/20045_타인에게.mp4
특약	https://sonnuri.s3.ap-northeast-2.amazonaws.com/AI_Videos/20046_특약.mp4	AI_Videos/20046_특약.mp4
특정	https://sonnuri.s3.ap-northeast-2.amazonaws.com/AI_Videos/20047_특정.mp4	AI_Videos/20047_특정.mp4
현황	https://sonnuri.s3.ap-northeast-2.amazonaws.com/AI_Videos/20050_현황.mp4	AI_Videos/20050_현황.mp4
확인	https://sonnuri.s3.ap-northeast-2.amazonaws.com/AI_Videos/20051_확인.mp4	AI_Videos/20051_확인.mp4
안보	https://sonnuri.s3.ap-northeast-2.amazonaws.com/AI_Videos/20052_안보.mp4	AI_Videos/20052_안보.mp4
협력	https://sonnuri.s3.ap-northeast-2.amazonaws.com/AI_Videos/20053_협력.mp4	AI_Videos/20053_협력.mp4
올리거나	https://sonnuri.s3.ap-northeast-2.amazonaws.com/AI_Videos/20054_올리거나.mp4	AI_Videos/20054_올리거나.mp4
영상을	https://sonnuri.s3.ap-northeast-2.amazonaws.com/AI_Videos/20055_영상을.mp4	AI_Videos/20055_영상을.mp4
보여줍니다	https://sonnuri.s3.ap-northeast-2.amazonaws.com/AI_Videos/20056_보여줍니다.mp4	AI_Videos/20056_보여줍니다.mp4
불투명도	https://sonnuri.s3.ap-northeast-2.amazonaws.com/AI_Videos/20057_불투명도.mp4	AI_Videos/20057_불투명도.mp4
가독성을	https://sonnuri.s3.ap-northeast-2.amazonaws.com/AI_Videos/20058_가독성을.mp4	AI_Videos/20058_가독성을.mp4
약정	https://sonnuri.s3.ap-northeast-2.amazonaws.com/AI_Videos/2150_약정.mp4	AI_Videos/2150_약정.mp4
에1①	https://sonnuri.s3.ap-northeast-2.amazonaws.com/AI_Videos/224_에1①.mp4	AI_Videos/224_에1①.mp4
에	https://sonnuri.s3.ap-northeast-2.amazonaws.com/AI_Videos/226_에.mp4	AI_Videos/226_에.mp4
에1④	https://sonnuri.s3.ap-northeast-2.amazonaws.com/AI_Videos/226_에1④.mp4	AI_Videos/226_에1④.mp4
에게	https://sonnuri.s3.ap-northeast-2.amazonaws.com/AI_Videos/227_에게.mp4	AI_Videos/227_에게.mp4
완전고용	https://sonnuri.s3.ap-northeast-2.amazonaws.com/AI_Videos/2303_완전고용.mp4	AI_Videos/2303_완전고용.mp4
자산액	https://sonnuri.s3.ap-northeast-2.amazonaws.com/AI_Videos/2583_자산액.mp4	AI_Videos/2583_자산액.mp4
이나1②③	https://sonnuri.s3.ap-northeast-2.amazonaws.com/AI_Videos/270_이나1②③.mp4	AI_Videos/270_이나1②③.mp4
이라도	https://sonnuri.s3.ap-northeast-2.amazonaws.com/AI_Videos/275_이라도.mp4	AI_Videos/275_이라도.mp4
이라도①	https://sonnuri.s3.ap-northeast-2.amazonaws.com/AI_Videos/275_이라도①.mp4	AI_Videos/275_이라도①.mp4
망상	https://sonnuri.s3.ap-northeast-2.amazonaws.com/AI_Videos/2761_망상.mp4	AI_Videos/2761_망상.mp4
는	https://sonnuri.s3.ap-northeast-2.amazonaws.com/AI_Videos/2920_는.mp4	AI_Videos/2920_는.mp4
로	https://sonnuri.s3.ap-northeast-2.amazonaws.com/AI_Videos/3140_로.mp4	AI_Videos/3140_로.mp4
로①	https://sonnuri.s3.ap-northeast-2.amazonaws.com/AI_Videos/3140_로①.mp4	AI_Videos/3140_로①.mp4
제공자	https://sonnuri.s3.ap-northeast-2.amazonaws.com/AI_Videos/3830_제공자.mp4	AI_Videos/3830_제공자.mp4
주기적	https://sonnuri.s3.ap-northeast-2.amazonaws.com/AI_Videos/3838_주기적.mp4	AI_Videos/3838_주기적.mp4
으로②③	https://sonnuri.s3.ap-northeast-2.amazonaws.com/AI_Videos/390_으로②③.mp4	AI_Videos/390_으로②③.mp4
은	https://sonnuri.s3.ap-northeast-2.amazonaws.com/AI_Videos/400_은.mp4	AI_Videos/400_은.mp4
공인인증서	https://sonnuri.s3.ap-northeast-2.amazonaws.com/AI_Videos/4494_공인인증서.mp4	AI_Videos/4494_공인인증서.mp4
동영상파일	https://sonnuri.s3.ap-northeast-2.amazonaws.com/AI_Videos/4675_동영상파일.mp4	AI_Videos/4675_동영상파일.mp4
디스크	https://sonnuri.s3.ap-northeast-2.amazonaws.com/AI_Videos/4682_디스크.mp4	AI_Videos/4682_디스크.mp4
속도감	https://sonnuri.s3.ap-northeast-2.amazonaws.com/AI_Videos/4840_속도감.mp4	AI_Videos/4840_속도감.mp4
보안	https://sonnuri.s3.ap-northeast-2.amazonaws.com/AI_Videos/4892_보안.mp4	AI_Videos/4892_보안.mp4
소형컴퓨터	https://sonnuri.s3.ap-northeast-2.amazonaws.com/AI_Videos/4916_소형컴퓨터.mp4	AI_Videos/4916_소형컴퓨터.mp4
주	https://sonnuri.s3.ap-northeast-2.amazonaws.com/AI_Videos/522_주.mp4	AI_Videos/522_주.mp4
입력	https://sonnuri.s3.ap-northeast-2.amazonaws.com/AI_Videos/5295_입력.mp4	AI_Videos/5295_입력.mp4
찾기	https://sonnuri.s3.ap-northeast-2.amazonaws.com/AI_Videos/5315_찾기.mp4	AI_Videos/5315_찾기.mp4
패스워드	https://sonnuri.s3.ap-northeast-2.amazonaws.com/AI_Videos/5516_패스워드.mp4	AI_Videos/5516_패스워드.mp4
노출	https://sonnuri.s3.ap-northeast-2.amazonaws.com/AI_Videos/5892_노출.mp4	AI_Videos/5892_노출.mp4
안정	https://sonnuri.s3.ap-northeast-2.amazonaws.com/AI_Videos/5984_안정.mp4	AI_Videos/5984_안정.mp4
재생	https://sonnuri.s3.ap-northeast-2.amazonaws.com/AI_Videos/6478_재생.mp4	AI_Videos/6478_재생.mp4
개설	https://sonnuri.s3.ap-northeast-2.amazonaws.com/AI_Videos/6671_개설.mp4	AI_Videos/6671_개설.mp4
저축보험	https://sonnuri.s3.ap-northeast-2.amazonaws.com/AI_Videos/7053_저축보험.mp4	AI_Videos/7053_저축보험.mp4
적립금	https://sonnuri.s3.ap-northeast-2.amazonaws.com/AI_Videos/7054_적립금.mp4	AI_Videos/7054_적립금.mp4
이	https://sonnuri.s3.ap-northeast-2.amazonaws.com/AI_Videos/7296_이.mp4	AI_Videos/7296_이.mp4
만기일	https://sonnuri.s3.ap-northeast-2.amazonaws.com/AI_Videos/7503_만기일.mp4	AI_Videos/7503_만기일.mp4
로그아웃	https://sonnuri.s3.ap-northeast-2.amazonaws.com/AI_Videos/7701_로그아웃.mp4	AI_Videos/7701_로그아웃.mp4
에서	https://sonnuri.s3.ap-northeast-2.amazonaws.com/AI_Videos/7730_에서.mp4	AI_Videos/7730_에서.mp4
따라	https://sonnuri.s3.ap-northeast-2.amazonaws.com/AI_Videos/7745_따라.mp4	AI_Videos/7745_따라.mp4
정보	https://sonnuri.s3.ap-northeast-2.amazonaws.com/AI_Videos/8015_정보.mp4	AI_Videos/8015_정보.mp4
공동	https://sonnuri.s3.ap-northeast-2.amazonaws.com/AI_Videos/8196_공동.mp4	AI_Videos/8196_공동.mp4
미래형	https://sonnuri.s3.ap-northeast-2.amazonaws.com/AI_Videos/8306_미래형.mp4	AI_Videos/8306_미래형.mp4
영상데이터	https://sonnuri.s3.ap-northeast-2.amazonaws.com/AI_Videos/8515_영상데이터.mp4	AI_Videos/8515_영상데이터.mp4
현재진행	https://sonnuri.s3.ap-northeast-2.amazonaws.com/AI_Videos/8590_현재진행.mp4	AI_Videos/8590_현재진행.mp4
가계	https://sonnuri.s3.ap-northeast-2.amazonaws.com/AI_Videos/8605_가계.mp4	AI_Videos/8605_가계.mp4
기준환율	https://sonnuri.s3.ap-northeast-2.amazonaws.com/AI_Videos/8693_기준환율.mp4	AI_Videos/8693_기준환율.mp4
예금계좌	https://sonnuri.s3.ap-northeast-2.amazonaws.com/AI_Videos/9056_예금계좌.mp4	AI_Videos/9056_예금계좌.mp4
마우스	https://sonnuri.s3.ap-northeast-2.amazonaws.com/AI_Videos/9073_마우스.mp4	AI_Videos/9073_마우스.mp4
약관	https://sonnuri.s3.ap-northeast-2.amazonaws.com/AI_Videos/9178_약관.mp4	AI_Videos/9178_약관.mp4
시스템	https://sonnuri.s3.ap-northeast-2.amazonaws.com/AI_Videos/9292_시스템.mp4	AI_Videos/9292_시스템.mp4
웹브라우저	https://sonnuri.s3.ap-northeast-2.amazonaws.com/AI_Videos/9304_웹브라우저.mp4	AI_Videos/9304_웹브라우저.mp4
여러가지	https://sonnuri.s3.ap-northeast-2.amazonaws.com/AI_Videos/9384_여러가지.mp4	AI_Videos/9384_여러가지.mp4
며	https://sonnuri.s3.ap-northeast-2.amazonaws.com/AI_Videos/9551_며.mp4	AI_Videos/9551_며.mp4
을	https://sonnuri.s3.ap-northeast-2.amazonaws.com/AI_Videos/9834_을.mp4	AI_Videos/9834_을.mp4
